<?xml version="1.0" encoding="UTF-8"?><rss version="2.0"
	xmlns:content="http://purl.org/rss/1.0/modules/content/"
	xmlns:wfw="http://wellformedweb.org/CommentAPI/"
	xmlns:dc="http://purl.org/dc/elements/1.1/"
	xmlns:atom="http://www.w3.org/2005/Atom"
	xmlns:sy="http://purl.org/rss/1.0/modules/syndication/"
	xmlns:slash="http://purl.org/rss/1.0/modules/slash/"
	>

<channel>
	<title>pure love_selfish love</title>
	<atom:link href="http://lilkduy.github.io/pure-love_selfish-love/feed/" rel="self" type="application/rss+xml" />
	<link>http://lilkduy.github.io/pure-love_selfish-love</link>
	<description>em có đọc đc thì chắc anh đã ko còn bên  em nữa honey</description>
	<lastBuildDate>Mon, 02 May 2022 16:38:27 +0000</lastBuildDate>
	<language>en-US</language>
	<sy:updatePeriod>
	hourly	</sy:updatePeriod>
	<sy:updateFrequency>
	1	</sy:updateFrequency>
	<generator>https://wordpress.org/?v=5.9.3</generator>
</channel>
</rss>
